run,condition,scenario,trace_path,battery_csv_path,energy_total_mj,battery_energy_valid,battery_current_nonzero_samples,battery_current_nonzero_ratio,avg_current_ma,avg_voltage_v,duration_s,sample_count,avg_power_mw,avg_cpu_freq_mhz,cpu_big_core_pct,cpu_freq_residency_ghz_s,cpu_energy_proxy_score,cpu_energy_proxy_per_s,peak_memory_rss_kb,frame_janks,energy_method,parse_error
100,csr,dynamic,data/runs/20260330_190406/raw/run_100_csr_dynamic.perfetto-trace,data/runs/20260330_190406/raw/run_100_csr_dynamic.battery.csv,0.0,False,0,0.0,0.0,4.193,7.3,7,0.0,,,,,,,,adb_dumpsys_battery_polling,
101,csr,dynamic,data/runs/20260330_190406/raw/run_101_csr_dynamic.perfetto-trace,data/runs/20260330_190406/raw/run_101_csr_dynamic.battery.csv,0.0,False,0,0.0,0.0,4.193,7.3,7,0.0,,,,,,,,adb_dumpsys_battery_polling,
102,ssr,static,data/runs/20260330_190406/raw/run_102_ssr_static.perfetto-trace,data/runs/20260330_190406/raw/run_102_ssr_static.battery.csv,0.0,False,0,0.0,0.0,4.193,7.1,7,0.0,,,,,,,,adb_dumpsys_battery_polling,
103,csr,dynamic,data/runs/20260330_190406/raw/run_103_csr_dynamic.perfetto-trace,data/runs/20260330_190406/raw/run_103_csr_dynamic.battery.csv,0.0,False,0,0.0,0.0,4.193,7.2,7,0.0,,,,,,,,adb_dumpsys_battery_polling,
104,ssr,massive,data/runs/20260330_190406/raw/run_104_ssr_massive.perfetto-trace,data/runs/20260330_190406/raw/run_104_ssr_massive.battery.csv,0.0,False,0,0.0,0.0,4.193,6.0,6,0.0,,,,,,,,adb_dumpsys_battery_polling,
105,ssr,massive,data/runs/20260330_190406/raw/run_105_ssr_massive.perfetto-trace,data/runs/20260330_190406/raw/run_105_ssr_massive.battery.csv,0.0,False,0,0.0,0.0,4.192,5.9,6,0.0,,,,,,,,adb_dumpsys_battery_polling,
106,ssr,static,data/runs/20260330_190406/raw/run_106_ssr_static.perfetto-trace,data/runs/20260330_190406/raw/run_106_ssr_static.battery.csv,0.0,False,0,0.0,0.0,4.191,5.9,6,0.0,,,,,,,,adb_dumpsys_battery_polling,
107,csr,massive,data/runs/20260330_190406/raw/run_107_csr_massive.perfetto-trace,data/runs/20260330_190406/raw/run_107_csr_massive.battery.csv,0.0,False,0,0.0,0.0,4.193,7.3,7,0.0,,,,,,,,adb_dumpsys_battery_polling,
108,ssr,dynamic,data/runs/20260330_190406/raw/run_108_ssr_dynamic.perfetto-trace,data/runs/20260330_190406/raw/run_108_ssr_dynamic.battery.csv,0.0,False,0,0.0,0.0,4.192,6.1,6,0.0,,,,,,,,adb_dumpsys_battery_polling,
109,csr,dynamic,data/runs/20260330_190406/raw/run_109_csr_dynamic.perfetto-trace,data/runs/20260330_190406/raw/run_109_csr_dynamic.battery.csv,0.0,False,0,0.0,0.0,4.193,7.2,7,0.0,,,,,,,,adb_dumpsys_battery_polling,
10,csr,static,data/runs/20260330_190406/raw/run_10_csr_static.perfetto-trace,data/runs/20260330_190406/raw/run_10_csr_static.battery.csv,0.0,False,0,0.0,0.0,4.202,7.3,7,0.0,,,,,,,,adb_dumpsys_battery_polling,
110,ssr,dynamic,data/runs/20260330_190406/raw/run_110_ssr_dynamic.perfetto-trace,data/runs/20260330_190406/raw/run_110_ssr_dynamic.battery.csv,0.0,False,0,0.0,0.0,4.192,7.1,7,0.0,,,,,,,,adb_dumpsys_battery_polling,
111,ssr,static,data/runs/20260330_190406/raw/run_111_ssr_static.perfetto-trace,data/runs/20260330_190406/raw/run_111_ssr_static.battery.csv,0.0,False,0,0.0,0.0,4.192,7.0,7,0.0,,,,,,,,adb_dumpsys_battery_polling,
112,csr,static,data/runs/20260330_190406/raw/run_112_csr_static.perfetto-trace,data/runs/20260330_190406/raw/run_112_csr_static.battery.csv,0.0,False,0,0.0,0.0,4.193,7.0,7,0.0,,,,,,,,adb_dumpsys_battery_polling,
113,ssr,dynamic,data/runs/20260330_190406/raw/run_113_ssr_dynamic.perfetto-trace,data/runs/20260330_190406/raw/run_113_ssr_dynamic.battery.csv,0.0,False,0,0.0,0.0,4.192,7.0,7,0.0,,,,,,,,adb_dumpsys_battery_polling,
114,ssr,static,data/runs/20260330_190406/raw/run_114_ssr_static.perfetto-trace,data/runs/20260330_190406/raw/run_114_ssr_static.battery.csv,0.0,False,0,0.0,0.0,4.192,6.1,6,0.0,,,,,,,,adb_dumpsys_battery_polling,
115,ssr,massive,data/runs/20260330_190406/raw/run_115_ssr_massive.perfetto-trace,data/runs/20260330_190406/raw/run_115_ssr_massive.battery.csv,0.0,False,0,0.0,0.0,4.192,6.4,6,0.0,,,,,,,,adb_dumpsys_battery_polling,
116,csr,dynamic,data/runs/20260330_190406/raw/run_116_csr_dynamic.perfetto-trace,data/runs/20260330_190406/raw/run_116_csr_dynamic.battery.csv,0.0,False,0,0.0,0.0,4.192,7.6,7,0.0,,,,,,,,adb_dumpsys_battery_polling,
117,csr,static,data/runs/20260330_190406/raw/run_117_csr_static.perfetto-trace,data/runs/20260330_190406/raw/run_117_csr_static.battery.csv,0.0,False,0,0.0,0.0,4.191,8.4,8,0.0,,,,,,,,adb_dumpsys_battery_polling,
118,csr,massive,data/runs/20260330_190406/raw/run_118_csr_massive.perfetto-trace,data/runs/20260330_190406/raw/run_118_csr_massive.battery.csv,0.0,False,0,0.0,0.0,4.192,7.5,7,0.0,,,,,,,,adb_dumpsys_battery_polling,
119,ssr,dynamic,data/runs/20260330_190406/raw/run_119_ssr_dynamic.perfetto-trace,data/runs/20260330_190406/raw/run_119_ssr_dynamic.battery.csv,0.0,False,0,0.0,0.0,4.191,6.1,6,0.0,,,,,,,,adb_dumpsys_battery_polling,
11,ssr,dynamic,data/runs/20260330_190406/raw/run_11_ssr_dynamic.perfetto-trace,data/runs/20260330_190406/raw/run_11_ssr_dynamic.battery.csv,0.0,False,0,0.0,0.0,4.201,6.8,6,0.0,,,,,,,,adb_dumpsys_battery_polling,
120,ssr,massive,data/runs/20260330_190406/raw/run_120_ssr_massive.perfetto-trace,data/runs/20260330_190406/raw/run_120_ssr_massive.battery.csv,0.0,False,0,0.0,0.0,4.191,5.8,6,0.0,,,,,,,,adb_dumpsys_battery_polling,
121,csr,massive,data/runs/20260330_190406/raw/run_121_csr_massive.perfetto-trace,data/runs/20260330_190406/raw/run_121_csr_massive.battery.csv,0.0,False,0,0.0,0.0,4.191,7.2,7,0.0,,,,,,,,adb_dumpsys_battery_polling,
122,csr,static,data/runs/20260330_190406/raw/run_122_csr_static.perfetto-trace,data/runs/20260330_190406/raw/run_122_csr_static.battery.csv,0.0,False,0,0.0,0.0,4.192,7.3,7,0.0,,,,,,,,adb_dumpsys_battery_polling,
123,csr,dynamic,data/runs/20260330_190406/raw/run_123_csr_dynamic.perfetto-trace,data/runs/20260330_190406/raw/run_123_csr_dynamic.battery.csv,0.0,False,0,0.0,0.0,4.191,7.0,7,0.0,,,,,,,,adb_dumpsys_battery_polling,
124,csr,massive,data/runs/20260330_190406/raw/run_124_csr_massive.perfetto-trace,data/runs/20260330_190406/raw/run_124_csr_massive.battery.csv,0.0,False,0,0.0,0.0,4.191,7.2,7,0.0,,,,,,,,adb_dumpsys_battery_polling,
125,ssr,massive,data/runs/20260330_190406/raw/run_125_ssr_massive.perfetto-trace,data/runs/20260330_190406/raw/run_125_ssr_massive.battery.csv,0.0,False,0,0.0,0.0,4.191,7.4,7,0.0,,,,,,,,adb_dumpsys_battery_polling,
126,ssr,massive,data/runs/20260330_190406/raw/run_126_ssr_massive.perfetto-trace,data/runs/20260330_190406/raw/run_126_ssr_massive.battery.csv,0.0,False,0,0.0,0.0,4.191,7.0,7,0.0,,,,,,,,adb_dumpsys_battery_polling,
127,ssr,massive,data/runs/20260330_190406/raw/run_127_ssr_massive.perfetto-trace,data/runs/20260330_190406/raw/run_127_ssr_massive.battery.csv,0.0,False,0,0.0,0.0,4.191,7.0,7,0.0,,,,,,,,adb_dumpsys_battery_polling,
128,csr,static,data/runs/20260330_190406/raw/run_128_csr_static.perfetto-trace,data/runs/20260330_190406/raw/run_128_csr_static.battery.csv,0.0,False,0,0.0,0.0,4.191,7.3,7,0.0,,,,,,,,adb_dumpsys_battery_polling,
129,ssr,dynamic,data/runs/20260330_190406/raw/run_129_ssr_dynamic.perfetto-trace,data/runs/20260330_190406/raw/run_129_ssr_dynamic.battery.csv,0.0,False,0,0.0,0.0,4.188,7.0,7,0.0,,,,,,,,adb_dumpsys_battery_polling,
12,csr,massive,data/runs/20260330_190406/raw/run_12_csr_massive.perfetto-trace,data/runs/20260330_190406/raw/run_12_csr_massive.battery.csv,0.0,False,0,0.0,0.0,4.201,7.3,7,0.0,,,,,,,,adb_dumpsys_battery_polling,
130,ssr,dynamic,data/runs/20260330_190406/raw/run_130_ssr_dynamic.perfetto-trace,data/runs/20260330_190406/raw/run_130_ssr_dynamic.battery.csv,0.0,False,0,0.0,0.0,4.19,5.9,6,0.0,,,,,,,,adb_dumpsys_battery_polling,
131,csr,static,data/runs/20260330_190406/raw/run_131_csr_static.perfetto-trace,data/runs/20260330_190406/raw/run_131_csr_static.battery.csv,0.0,False,0,0.0,0.0,4.19,7.0,7,0.0,,,,,,,,adb_dumpsys_battery_polling,
132,csr,massive,data/runs/20260330_190406/raw/run_132_csr_massive.perfetto-trace,data/runs/20260330_190406/raw/run_132_csr_massive.battery.csv,0.0,False,0,0.0,0.0,4.19,7.4,7,0.0,,,,,,,,adb_dumpsys_battery_polling,
133,ssr,massive,data/runs/20260330_190406/raw/run_133_ssr_massive.perfetto-trace,data/runs/20260330_190406/raw/run_133_ssr_massive.battery.csv,0.0,False,0,0.0,0.0,4.19,7.1,7,0.0,,,,,,,,adb_dumpsys_battery_polling,
134,ssr,massive,data/runs/20260330_190406/raw/run_134_ssr_massive.perfetto-trace,data/runs/20260330_190406/raw/run_134_ssr_massive.battery.csv,0.0,False,0,0.0,0.0,4.19,6.0,6,0.0,,,,,,,,adb_dumpsys_battery_polling,
135,ssr,static,data/runs/20260330_190406/raw/run_135_ssr_static.perfetto-trace,data/runs/20260330_190406/raw/run_135_ssr_static.battery.csv,0.0,False,0,0.0,0.0,4.19,6.3,6,0.0,,,,,,,,adb_dumpsys_battery_polling,
136,ssr,static,data/runs/20260330_190406/raw/run_136_ssr_static.perfetto-trace,data/runs/20260330_190406/raw/run_136_ssr_static.battery.csv,0.0,False,0,0.0,0.0,4.19,6.1,6,0.0,,,,,,,,adb_dumpsys_battery_polling,
137,csr,massive,data/runs/20260330_190406/raw/run_137_csr_massive.perfetto-trace,data/runs/20260330_190406/raw/run_137_csr_massive.battery.csv,0.0,False,0,0.0,0.0,4.19,7.8,7,0.0,,,,,,,,adb_dumpsys_battery_polling,
138,csr,massive,data/runs/20260330_190406/raw/run_138_csr_massive.perfetto-trace,data/runs/20260330_190406/raw/run_138_csr_massive.battery.csv,0.0,False,0,0.0,0.0,4.19,8.1,7,0.0,,,,,,,,adb_dumpsys_battery_polling,
139,csr,static,data/runs/20260330_190406/raw/run_139_csr_static.perfetto-trace,data/runs/20260330_190406/raw/run_139_csr_static.battery.csv,0.0,False,0,0.0,0.0,4.19,8.6,7,0.0,,,,,,,,adb_dumpsys_battery_polling,
13,ssr,massive,data/runs/20260330_190406/raw/run_13_ssr_massive.perfetto-trace,data/runs/20260330_190406/raw/run_13_ssr_massive.battery.csv,0.0,False,0,0.0,0.0,4.201,6.0,6,0.0,,,,,,,,adb_dumpsys_battery_polling,
140,csr,static,data/runs/20260330_190406/raw/run_140_csr_static.perfetto-trace,data/runs/20260330_190406/raw/run_140_csr_static.battery.csv,0.0,False,0,0.0,0.0,4.19,7.1,7,0.0,,,,,,,,adb_dumpsys_battery_polling,
141,csr,massive,data/runs/20260330_190406/raw/run_141_csr_massive.perfetto-trace,data/runs/20260330_190406/raw/run_141_csr_massive.battery.csv,0.0,False,0,0.0,0.0,4.19,7.0,7,0.0,,,,,,,,adb_dumpsys_battery_polling,
142,ssr,massive,data/runs/20260330_190406/raw/run_142_ssr_massive.perfetto-trace,data/runs/20260330_190406/raw/run_142_ssr_massive.battery.csv,0.0,False,0,0.0,0.0,4.189,6.1,6,0.0,,,,,,,,adb_dumpsys_battery_polling,
143,csr,dynamic,data/runs/20260330_190406/raw/run_143_csr_dynamic.perfetto-trace,data/runs/20260330_190406/raw/run_143_csr_dynamic.battery.csv,0.0,False,0,0.0,0.0,4.189,7.1,7,0.0,,,,,,,,adb_dumpsys_battery_polling,
144,csr,static,data/runs/20260330_190406/raw/run_144_csr_static.perfetto-trace,data/runs/20260330_190406/raw/run_144_csr_static.battery.csv,0.0,False,0,0.0,0.0,4.186,7.2,7,0.0,,,,,,,,adb_dumpsys_battery_polling,
145,csr,massive,data/runs/20260330_190406/raw/run_145_csr_massive.perfetto-trace,data/runs/20260330_190406/raw/run_145_csr_massive.battery.csv,0.0,False,0,0.0,0.0,4.19,7.3,7,0.0,,,,,,,,adb_dumpsys_battery_polling,
146,ssr,massive,data/runs/20260330_190406/raw/run_146_ssr_massive.perfetto-trace,data/runs/20260330_190406/raw/run_146_ssr_massive.battery.csv,0.0,False,0,0.0,0.0,4.189,6.2,6,0.0,,,,,,,,adb_dumpsys_battery_polling,
147,csr,static,data/runs/20260330_190406/raw/run_147_csr_static.perfetto-trace,data/runs/20260330_190406/raw/run_147_csr_static.battery.csv,0.0,False,0,0.0,0.0,4.188,7.1,7,0.0,,,,,,,,adb_dumpsys_battery_polling,
148,csr,massive,data/runs/20260330_190406/raw/run_148_csr_massive.perfetto-trace,data/runs/20260330_190406/raw/run_148_csr_massive.battery.csv,0.0,False,0,0.0,0.0,4.188,7.8,7,0.0,,,,,,,,adb_dumpsys_battery_polling,
149,csr,static,data/runs/20260330_190406/raw/run_149_csr_static.perfetto-trace,data/runs/20260330_190406/raw/run_149_csr_static.battery.csv,0.0,False,0,0.0,0.0,4.188,8.5,8,0.0,,,,,,,,adb_dumpsys_battery_polling,
14,csr,massive,data/runs/20260330_190406/raw/run_14_csr_massive.perfetto-trace,data/runs/20260330_190406/raw/run_14_csr_massive.battery.csv,0.0,False,0,0.0,0.0,4.201,7.2,7,0.0,,,,,,,,adb_dumpsys_battery_polling,
150,ssr,massive,data/runs/20260330_190406/raw/run_150_ssr_massive.perfetto-trace,data/runs/20260330_190406/raw/run_150_ssr_massive.battery.csv,0.0,False,0,0.0,0.0,4.188,7.1,7,0.0,,,,,,,,adb_dumpsys_battery_polling,
151,csr,static,data/runs/20260330_190406/raw/run_151_csr_static.perfetto-trace,data/runs/20260330_190406/raw/run_151_csr_static.battery.csv,15579.51,True,6,0.857,485.14,4.188,7.2,7,2156.3,,,,,,,,adb_dumpsys_battery_polling,
152,ssr,static,data/runs/20260330_190406/raw/run_152_ssr_static.perfetto-trace,data/runs/20260330_190406/raw/run_152_ssr_static.battery.csv,0.0,False,0,0.0,0.0,4.189,7.2,7,0.0,,,,,,,,adb_dumpsys_battery_polling,
153,ssr,static,data/runs/20260330_190406/raw/run_153_ssr_static.perfetto-trace,data/runs/20260330_190406/raw/run_153_ssr_static.battery.csv,0.0,False,0,0.0,0.0,4.189,6.1,6,0.0,,,,,,,,adb_dumpsys_battery_polling,
154,ssr,dynamic,data/runs/20260330_190406/raw/run_154_ssr_dynamic.perfetto-trace,data/runs/20260330_190406/raw/run_154_ssr_dynamic.battery.csv,0.0,False,0,0.0,0.0,4.188,6.1,6,0.0,,,,,,,,adb_dumpsys_battery_polling,
155,ssr,static,data/runs/20260330_190406/raw/run_155_ssr_static.perfetto-trace,data/runs/20260330_190406/raw/run_155_ssr_static.battery.csv,0.0,False,0,0.0,0.0,4.188,6.2,6,0.0,,,,,,,,adb_dumpsys_battery_polling,
156,ssr,massive,data/runs/20260330_190406/raw/run_156_ssr_massive.perfetto-trace,data/runs/20260330_190406/raw/run_156_ssr_massive.battery.csv,0.0,False,0,0.0,0.0,4.188,6.0,6,0.0,,,,,,,,adb_dumpsys_battery_polling,
157,ssr,dynamic,data/runs/20260330_190406/raw/run_157_ssr_dynamic.perfetto-trace,data/runs/20260330_190406/raw/run_157_ssr_dynamic.battery.csv,0.0,False,0,0.0,0.0,4.188,6.0,6,0.0,,,,,,,,adb_dumpsys_battery_polling,
158,csr,static,data/runs/20260330_190406/raw/run_158_csr_static.perfetto-trace,data/runs/20260330_190406/raw/run_158_csr_static.battery.csv,1872.42,True,2,0.286,71.43,4.178,7.4,7,254.7,,,,,,,,adb_dumpsys_battery_polling,
159,ssr,dynamic,data/runs/20260330_190406/raw/run_159_ssr_dynamic.perfetto-trace,data/runs/20260330_190406/raw/run_159_ssr_dynamic.battery.csv,0.0,False,0,0.0,0.0,4.189,7.1,6,0.0,,,,,,,,adb_dumpsys_battery_polling,
15,csr,static,data/runs/20260330_190406/raw/run_15_csr_static.perfetto-trace,data/runs/20260330_190406/raw/run_15_csr_static.battery.csv,16971.85,True,4,0.667,564.67,4.16,6.9,6,2458.3,,,,,,,,adb_dumpsys_battery_polling,
160,ssr,static,data/runs/20260330_190406/raw/run_160_ssr_static.perfetto-trace,data/runs/20260330_190406/raw/run_160_ssr_static.battery.csv,0.0,False,0,0.0,0.0,4.189,6.2,6,0.0,,,,,,,,adb_dumpsys_battery_polling,
161,csr,dynamic,data/runs/20260330_190406/raw/run_161_csr_dynamic.perfetto-trace,data/runs/20260330_190406/raw/run_161_csr_dynamic.battery.csv,0.0,False,0,0.0,0.0,4.189,9.7,9,0.0,,,,,,,,adb_dumpsys_battery_polling,
162,ssr,static,data/runs/20260330_190406/raw/run_162_ssr_static.perfetto-trace,data/runs/20260330_190406/raw/run_162_ssr_static.battery.csv,0.0,False,0,0.0,0.0,4.188,6.1,6,0.0,,,,,,,,adb_dumpsys_battery_polling,
163,ssr,dynamic,data/runs/20260330_190406/raw/run_163_ssr_dynamic.perfetto-trace,data/runs/20260330_190406/raw/run_163_ssr_dynamic.battery.csv,0.0,False,0,0.0,0.0,4.188,6.3,6,0.0,,,,,,,,adb_dumpsys_battery_polling,
164,csr,dynamic,data/runs/20260330_190406/raw/run_164_csr_dynamic.perfetto-trace,data/runs/20260330_190406/raw/run_164_csr_dynamic.battery.csv,0.0,False,0,0.0,0.0,4.188,7.3,7,0.0,,,,,,,,adb_dumpsys_battery_polling,
165,csr,dynamic,data/runs/20260330_190406/raw/run_165_csr_dynamic.perfetto-trace,data/runs/20260330_190406/raw/run_165_csr_dynamic.battery.csv,0.0,False,0,0.0,0.0,4.188,8.3,8,0.0,,,,,,,,adb_dumpsys_battery_polling,
166,csr,dynamic,data/runs/20260330_190406/raw/run_166_csr_dynamic.perfetto-trace,data/runs/20260330_190406/raw/run_166_csr_dynamic.battery.csv,0.0,False,0,0.0,0.0,4.188,7.5,7,0.0,,,,,,,,adb_dumpsys_battery_polling,
167,csr,dynamic,data/runs/20260330_190406/raw/run_167_csr_dynamic.perfetto-trace,data/runs/20260330_190406/raw/run_167_csr_dynamic.battery.csv,0.0,False,0,0.0,0.0,4.188,7.3,7,0.0,,,,,,,,adb_dumpsys_battery_polling,
168,ssr,massive,data/runs/20260330_190406/raw/run_168_ssr_massive.perfetto-trace,data/runs/20260330_190406/raw/run_168_ssr_massive.battery.csv,0.0,False,0,0.0,0.0,4.187,5.9,6,0.0,,,,,,,,adb_dumpsys_battery_polling,
169,ssr,static,data/runs/20260330_190406/raw/run_169_ssr_static.perfetto-trace,data/runs/20260330_190406/raw/run_169_ssr_static.battery.csv,0.0,False,0,0.0,0.0,4.187,6.0,6,0.0,,,,,,,,adb_dumpsys_battery_polling,
16,ssr,massive,data/runs/20260330_190406/raw/run_16_ssr_massive.perfetto-trace,data/runs/20260330_190406/raw/run_16_ssr_massive.battery.csv,0.0,False,0,0.0,0.0,4.201,6.0,6,0.0,,,,,,,,adb_dumpsys_battery_polling,
170,csr,dynamic,data/runs/20260330_190406/raw/run_170_csr_dynamic.perfetto-trace,data/runs/20260330_190406/raw/run_170_csr_dynamic.battery.csv,0.0,False,0,0.0,0.0,4.187,7.5,7,0.0,,,,,,,,adb_dumpsys_battery_polling,
171,ssr,dynamic,data/runs/20260330_190406/raw/run_171_ssr_dynamic.perfetto-trace,data/runs/20260330_190406/raw/run_171_ssr_dynamic.battery.csv,0.0,False,0,0.0,0.0,4.187,6.3,6,0.0,,,,,,,,adb_dumpsys_battery_polling,
172,csr,dynamic,data/runs/20260330_190406/raw/run_172_csr_dynamic.perfetto-trace,data/runs/20260330_190406/raw/run_172_csr_dynamic.battery.csv,0.0,False,0,0.0,0.0,4.187,7.2,7,0.0,,,,,,,,adb_dumpsys_battery_polling,
173,ssr,massive,data/runs/20260330_190406/raw/run_173_ssr_massive.perfetto-trace,data/runs/20260330_190406/raw/run_173_ssr_massive.battery.csv,0.0,False,0,0.0,0.0,4.185,5.9,6,0.0,,,,,,,,adb_dumpsys_battery_polling,
174,csr,massive,data/runs/20260330_190406/raw/run_174_csr_massive.perfetto-trace,data/runs/20260330_190406/raw/run_174_csr_massive.battery.csv,0.0,False,0,0.0,0.0,4.187,7.1,7,0.0,,,,,,,,adb_dumpsys_battery_polling,
175,ssr,dynamic,data/runs/20260330_190406/raw/run_175_ssr_dynamic.perfetto-trace,data/runs/20260330_190406/raw/run_175_ssr_dynamic.battery.csv,0.0,False,0,0.0,0.0,4.187,5.9,6,0.0,,,,,,,,adb_dumpsys_battery_polling,
176,ssr,dynamic,data/runs/20260330_190406/raw/run_176_ssr_dynamic.perfetto-trace,data/runs/20260330_190406/raw/run_176_ssr_dynamic.battery.csv,0.0,False,0,0.0,0.0,4.186,6.1,6,0.0,,,,,,,,adb_dumpsys_battery_polling,
177,csr,massive,data/runs/20260330_190406/raw/run_177_csr_massive.perfetto-trace,data/runs/20260330_190406/raw/run_177_csr_massive.battery.csv,0.0,False,0,0.0,0.0,4.186,7.4,7,0.0,,,,,,,,adb_dumpsys_battery_polling,
178,ssr,dynamic,data/runs/20260330_190406/raw/run_178_ssr_dynamic.perfetto-trace,data/runs/20260330_190406/raw/run_178_ssr_dynamic.battery.csv,0.0,False,0,0.0,0.0,4.186,7.6,7,0.0,,,,,,,,adb_dumpsys_battery_polling,
179,ssr,dynamic,data/runs/20260330_190406/raw/run_179_ssr_dynamic.perfetto-trace,data/runs/20260330_190406/raw/run_179_ssr_dynamic.battery.csv,0.0,False,0,0.0,0.0,4.186,6.6,6,0.0,,,,,,,,adb_dumpsys_battery_polling,
17,ssr,massive,data/runs/20260330_190406/raw/run_17_ssr_massive.perfetto-trace,data/runs/20260330_190406/raw/run_17_ssr_massive.battery.csv,0.0,False,0,0.0,0.0,4.201,6.0,6,0.0,,,,,,,,adb_dumpsys_battery_polling,
180,ssr,static,data/runs/20260330_190406/raw/run_180_ssr_static.perfetto-trace,data/runs/20260330_190406/raw/run_180_ssr_static.battery.csv,0.0,False,0,0.0,0.0,4.186,6.0,6,0.0,,,,,,,,adb_dumpsys_battery_polling,
18,ssr,static,data/runs/20260330_190406/raw/run_18_ssr_static.perfetto-trace,data/runs/20260330_190406/raw/run_18_ssr_static.battery.csv,0.0,False,0,0.0,0.0,4.201,6.0,6,0.0,,,,,,,,adb_dumpsys_battery_polling,
19,ssr,static,data/runs/20260330_190406/raw/run_19_ssr_static.perfetto-trace,data/runs/20260330_190406/raw/run_19_ssr_static.battery.csv,0.0,False,0,0.0,0.0,4.201,6.1,6,0.0,,,,,,,,adb_dumpsys_battery_polling,
1,csr,static,data/runs/20260330_190406/raw/run_1_csr_static.perfetto-trace,data/runs/20260330_190406/raw/run_1_csr_static.battery.csv,0.0,False,0,0.0,0.0,4.204,7.3,7,0.0,,,,,,,,adb_dumpsys_battery_polling,
20,ssr,static,data/runs/20260330_190406/raw/run_20_ssr_static.perfetto-trace,data/runs/20260330_190406/raw/run_20_ssr_static.battery.csv,0.0,False,0,0.0,0.0,4.201,5.9,6,0.0,,,,,,,,adb_dumpsys_battery_polling,
21,ssr,static,data/runs/20260330_190406/raw/run_21_ssr_static.perfetto-trace,data/runs/20260330_190406/raw/run_21_ssr_static.battery.csv,0.0,False,0,0.0,0.0,4.201,7.1,7,0.0,,,,,,,,adb_dumpsys_battery_polling,
22,ssr,dynamic,data/runs/20260330_190406/raw/run_22_ssr_dynamic.perfetto-trace,data/runs/20260330_190406/raw/run_22_ssr_dynamic.battery.csv,0.0,False,0,0.0,0.0,4.2,7.6,7,0.0,,,,,,,,adb_dumpsys_battery_polling,
23,ssr,dynamic,data/runs/20260330_190406/raw/run_23_ssr_dynamic.perfetto-trace,data/runs/20260330_190406/raw/run_23_ssr_dynamic.battery.csv,0.0,False,0,0.0,0.0,4.199,7.1,7,0.0,,,,,,,,adb_dumpsys_battery_polling,
24,csr,static,data/runs/20260330_190406/raw/run_24_csr_static.perfetto-trace,data/runs/20260330_190406/raw/run_24_csr_static.battery.csv,0.0,False,0,0.0,0.0,4.201,7.1,7,0.0,,,,,,,,adb_dumpsys_battery_polling,
25,csr,dynamic,data/runs/20260330_190406/raw/run_25_csr_dynamic.perfetto-trace,data/runs/20260330_190406/raw/run_25_csr_dynamic.battery.csv,0.0,False,0,0.0,0.0,4.201,7.1,7,0.0,,,,,,,,adb_dumpsys_battery_polling,
26,csr,dynamic,data/runs/20260330_190406/raw/run_26_csr_dynamic.perfetto-trace,data/runs/20260330_190406/raw/run_26_csr_dynamic.battery.csv,0.0,False,0,0.0,0.0,4.2,7.4,7,0.0,,,,,,,,adb_dumpsys_battery_polling,
27,csr,static,data/runs/20260330_190406/raw/run_27_csr_static.perfetto-trace,data/runs/20260330_190406/raw/run_27_csr_static.battery.csv,0.0,False,0,0.0,0.0,4.2,7.1,7,0.0,,,,,,,,adb_dumpsys_battery_polling,
28,csr,massive,data/runs/20260330_190406/raw/run_28_csr_massive.perfetto-trace,data/runs/20260330_190406/raw/run_28_csr_massive.battery.csv,0.0,False,0,0.0,0.0,4.2,7.3,7,0.0,,,,,,,,adb_dumpsys_battery_polling,
29,ssr,static,data/runs/20260330_190406/raw/run_29_ssr_static.perfetto-trace,data/runs/20260330_190406/raw/run_29_ssr_static.battery.csv,0.0,False,0,0.0,0.0,4.2,7.0,7,0.0,,,,,,,,adb_dumpsys_battery_polling,
2,csr,massive,data/runs/20260330_190406/raw/run_2_csr_massive.perfetto-trace,data/runs/20260330_190406/raw/run_2_csr_massive.battery.csv,0.0,False,0,0.0,0.0,4.203,7.2,7,0.0,,,,,,,,adb_dumpsys_battery_polling,
30,csr,dynamic,data/runs/20260330_190406/raw/run_30_csr_dynamic.perfetto-trace,data/runs/20260330_190406/raw/run_30_csr_dynamic.battery.csv,0.0,False,0,0.0,0.0,4.2,7.0,7,0.0,,,,,,,,adb_dumpsys_battery_polling,
31,ssr,dynamic,data/runs/20260330_190406/raw/run_31_ssr_dynamic.perfetto-trace,data/runs/20260330_190406/raw/run_31_ssr_dynamic.battery.csv,0.0,False,0,0.0,0.0,4.2,7.5,7,0.0,,,,,,,,adb_dumpsys_battery_polling,
32,ssr,massive,data/runs/20260330_190406/raw/run_32_ssr_massive.perfetto-trace,data/runs/20260330_190406/raw/run_32_ssr_massive.battery.csv,0.0,False,0,0.0,0.0,4.2,5.9,6,0.0,,,,,,,,adb_dumpsys_battery_polling,
33,csr,dynamic,data/runs/20260330_190406/raw/run_33_csr_dynamic.perfetto-trace,data/runs/20260330_190406/raw/run_33_csr_dynamic.battery.csv,0.0,False,0,0.0,0.0,4.199,7.1,7,0.0,,,,,,,,adb_dumpsys_battery_polling,
34,csr,massive,data/runs/20260330_190406/raw/run_34_csr_massive.perfetto-trace,data/runs/20260330_190406/raw/run_34_csr_massive.battery.csv,0.0,False,0,0.0,0.0,4.199,5.8,6,0.0,,,,,,,,adb_dumpsys_battery_polling,
35,ssr,static,data/runs/20260330_190406/raw/run_35_ssr_static.perfetto-trace,data/runs/20260330_190406/raw/run_35_ssr_static.battery.csv,0.0,False,0,0.0,0.0,4.199,8.2,8,0.0,,,,,,,,adb_dumpsys_battery_polling,
36,csr,static,data/runs/20260330_190406/raw/run_36_csr_static.perfetto-trace,data/runs/20260330_190406/raw/run_36_csr_static.battery.csv,0.0,False,0,0.0,0.0,4.199,7.0,7,0.0,,,,,,,,adb_dumpsys_battery_polling,
37,ssr,static,data/runs/20260330_190406/raw/run_37_ssr_static.perfetto-trace,data/runs/20260330_190406/raw/run_37_ssr_static.battery.csv,0.0,False,0,0.0,0.0,4.199,5.9,6,0.0,,,,,,,,adb_dumpsys_battery_polling,
38,ssr,static,data/runs/20260330_190406/raw/run_38_ssr_static.perfetto-trace,data/runs/20260330_190406/raw/run_38_ssr_static.battery.csv,0.0,False,0,0.0,0.0,4.198,5.9,6,0.0,,,,,,,,adb_dumpsys_battery_polling,
39,csr,dynamic,data/runs/20260330_190406/raw/run_39_csr_dynamic.perfetto-trace,data/runs/20260330_190406/raw/run_39_csr_dynamic.battery.csv,0.0,False,0,0.0,0.0,4.197,7.1,7,0.0,,,,,,,,adb_dumpsys_battery_polling,
3,ssr,dynamic,data/runs/20260330_190406/raw/run_3_ssr_dynamic.perfetto-trace,data/runs/20260330_190406/raw/run_3_ssr_dynamic.battery.csv,0.0,False,0,0.0,0.0,4.203,7.2,7,0.0,,,,,,,,adb_dumpsys_battery_polling,
40,ssr,dynamic,data/runs/20260330_190406/raw/run_40_ssr_dynamic.perfetto-trace,data/runs/20260330_190406/raw/run_40_ssr_dynamic.battery.csv,0.0,False,0,0.0,0.0,4.199,6.0,6,0.0,,,,,,,,adb_dumpsys_battery_polling,
41,ssr,static,data/runs/20260330_190406/raw/run_41_ssr_static.perfetto-trace,data/runs/20260330_190406/raw/run_41_ssr_static.battery.csv,0.0,False,0,0.0,0.0,4.199,6.0,6,0.0,,,,,,,,adb_dumpsys_battery_polling,
42,ssr,static,data/runs/20260330_190406/raw/run_42_ssr_static.perfetto-trace,data/runs/20260330_190406/raw/run_42_ssr_static.battery.csv,0.0,False,0,0.0,0.0,4.199,6.0,6,0.0,,,,,,,,adb_dumpsys_battery_polling,
43,csr,static,data/runs/20260330_190406/raw/run_43_csr_static.perfetto-trace,data/runs/20260330_190406/raw/run_43_csr_static.battery.csv,0.0,False,0,0.0,0.0,4.198,7.1,7,0.0,,,,,,,,adb_dumpsys_battery_polling,
44,csr,static,data/runs/20260330_190406/raw/run_44_csr_static.perfetto-trace,data/runs/20260330_190406/raw/run_44_csr_static.battery.csv,0.0,False,0,0.0,0.0,4.198,7.2,7,0.0,,,,,,,,adb_dumpsys_battery_polling,
45,ssr,dynamic,data/runs/20260330_190406/raw/run_45_ssr_dynamic.perfetto-trace,data/runs/20260330_190406/raw/run_45_ssr_dynamic.battery.csv,0.0,False,0,0.0,0.0,4.198,7.1,7,0.0,,,,,,,,adb_dumpsys_battery_polling,
46,ssr,massive,data/runs/20260330_190406/raw/run_46_ssr_massive.perfetto-trace,data/runs/20260330_190406/raw/run_46_ssr_massive.battery.csv,0.0,False,0,0.0,0.0,4.198,7.1,7,0.0,,,,,,,,adb_dumpsys_battery_polling,
47,ssr,massive,data/runs/20260330_190406/raw/run_47_ssr_massive.perfetto-trace,data/runs/20260330_190406/raw/run_47_ssr_massive.battery.csv,10783.25,True,6,1.0,417.33,4.158,6.0,6,1806.5,,,,,,,,adb_dumpsys_battery_polling,
48,csr,dynamic,data/runs/20260330_190406/raw/run_48_csr_dynamic.perfetto-trace,data/runs/20260330_190406/raw/run_48_csr_dynamic.battery.csv,0.0,False,0,0.0,0.0,4.198,7.4,7,0.0,,,,,,,,adb_dumpsys_battery_polling,
49,csr,massive,data/runs/20260330_190406/raw/run_49_csr_massive.perfetto-trace,data/runs/20260330_190406/raw/run_49_csr_massive.battery.csv,0.0,False,0,0.0,0.0,4.198,7.2,7,0.0,,,,,,,,adb_dumpsys_battery_polling,
4,csr,dynamic,data/runs/20260330_190406/raw/run_4_csr_dynamic.perfetto-trace,data/runs/20260330_190406/raw/run_4_csr_dynamic.battery.csv,0.0,False,0,0.0,0.0,4.203,7.6,7,0.0,,,,,,,,adb_dumpsys_battery_polling,
50,csr,static,data/runs/20260330_190406/raw/run_50_csr_static.perfetto-trace,data/runs/20260330_190406/raw/run_50_csr_static.battery.csv,0.0,False,0,0.0,0.0,4.198,7.2,7,0.0,,,,,,,,adb_dumpsys_battery_polling,
51,csr,massive,data/runs/20260330_190406/raw/run_51_csr_massive.perfetto-trace,data/runs/20260330_190406/raw/run_51_csr_massive.battery.csv,0.0,False,0,0.0,0.0,4.197,7.8,7,0.0,,,,,,,,adb_dumpsys_battery_polling,
52,ssr,static,data/runs/20260330_190406/raw/run_52_ssr_static.perfetto-trace,data/runs/20260330_190406/raw/run_52_ssr_static.battery.csv,0.0,False,0,0.0,0.0,4.197,6.0,6,0.0,,,,,,,,adb_dumpsys_battery_polling,
53,csr,dynamic,data/runs/20260330_190406/raw/run_53_csr_dynamic.perfetto-trace,data/runs/20260330_190406/raw/run_53_csr_dynamic.battery.csv,0.0,False,0,0.0,0.0,4.197,7.4,7,0.0,,,,,,,,adb_dumpsys_battery_polling,
54,csr,static,data/runs/20260330_190406/raw/run_54_csr_static.perfetto-trace,data/runs/20260330_190406/raw/run_54_csr_static.battery.csv,0.0,False,0,0.0,0.0,4.197,7.4,7,0.0,,,,,,,,adb_dumpsys_battery_polling,
55,csr,dynamic,data/runs/20260330_190406/raw/run_55_csr_dynamic.perfetto-trace,data/runs/20260330_190406/raw/run_55_csr_dynamic.battery.csv,0.0,False,0,0.0,0.0,4.197,8.9,8,0.0,,,,,,,,adb_dumpsys_battery_polling,
56,csr,massive,data/runs/20260330_190406/raw/run_56_csr_massive.perfetto-trace,data/runs/20260330_190406/raw/run_56_csr_massive.battery.csv,0.0,False,0,0.0,0.0,4.197,7.5,7,0.0,,,,,,,,adb_dumpsys_battery_polling,
57,csr,dynamic,data/runs/20260330_190406/raw/run_57_csr_dynamic.perfetto-trace,data/runs/20260330_190406/raw/run_57_csr_dynamic.battery.csv,0.0,False,0,0.0,0.0,4.197,7.2,7,0.0,,,,,,,,adb_dumpsys_battery_polling,
58,ssr,massive,data/runs/20260330_190406/raw/run_58_ssr_massive.perfetto-trace,data/runs/20260330_190406/raw/run_58_ssr_massive.battery.csv,0.0,False,0,0.0,0.0,4.197,6.2,6,0.0,,,,,,,,adb_dumpsys_battery_polling,
59,ssr,static,data/runs/20260330_190406/raw/run_59_ssr_static.perfetto-trace,data/runs/20260330_190406/raw/run_59_ssr_static.battery.csv,0.0,False,0,0.0,0.0,4.197,6.2,6,0.0,,,,,,,,adb_dumpsys_battery_polling,
5,ssr,dynamic,data/runs/20260330_190406/raw/run_5_ssr_dynamic.perfetto-trace,data/runs/20260330_190406/raw/run_5_ssr_dynamic.battery.csv,0.0,False,0,0.0,0.0,4.203,6.0,6,0.0,,,,,,,,adb_dumpsys_battery_polling,
60,csr,static,data/runs/20260330_190406/raw/run_60_csr_static.perfetto-trace,data/runs/20260330_190406/raw/run_60_csr_static.battery.csv,0.0,False,0,0.0,0.0,4.196,7.1,7,0.0,,,,,,,,adb_dumpsys_battery_polling,
61,ssr,static,data/runs/20260330_190406/raw/run_61_ssr_static.perfetto-trace,data/runs/20260330_190406/raw/run_61_ssr_static.battery.csv,0.0,False,0,0.0,0.0,4.19,7.1,7,0.0,,,,,,,,adb_dumpsys_battery_polling,
62,ssr,dynamic,data/runs/20260330_190406/raw/run_62_ssr_dynamic.perfetto-trace,data/runs/20260330_190406/raw/run_62_ssr_dynamic.battery.csv,0.0,False,0,0.0,0.0,4.197,6.4,6,0.0,,,,,,,,adb_dumpsys_battery_polling,
63,ssr,massive,data/runs/20260330_190406/raw/run_63_ssr_massive.perfetto-trace,data/runs/20260330_190406/raw/run_63_ssr_massive.battery.csv,0.0,False,0,0.0,0.0,4.196,6.1,6,0.0,,,,,,,,adb_dumpsys_battery_polling,
64,csr,static,data/runs/20260330_190406/raw/run_64_csr_static.perfetto-trace,data/runs/20260330_190406/raw/run_64_csr_static.battery.csv,0.0,False,0,0.0,0.0,4.197,7.2,7,0.0,,,,,,,,adb_dumpsys_battery_polling,
65,ssr,massive,data/runs/20260330_190406/raw/run_65_ssr_massive.perfetto-trace,data/runs/20260330_190406/raw/run_65_ssr_massive.battery.csv,0.0,False,0,0.0,0.0,4.196,6.4,6,0.0,,,,,,,,adb_dumpsys_battery_polling,
66,csr,massive,data/runs/20260330_190406/raw/run_66_csr_massive.perfetto-trace,data/runs/20260330_190406/raw/run_66_csr_massive.battery.csv,0.0,False,0,0.0,0.0,4.196,7.2,7,0.0,,,,,,,,adb_dumpsys_battery_polling,
67,ssr,static,data/runs/20260330_190406/raw/run_67_ssr_static.perfetto-trace,data/runs/20260330_190406/raw/run_67_ssr_static.battery.csv,0.0,False,0,0.0,0.0,4.196,5.9,6,0.0,,,,,,,,adb_dumpsys_battery_polling,
68,csr,massive,data/runs/20260330_190406/raw/run_68_csr_massive.perfetto-trace,data/runs/20260330_190406/raw/run_68_csr_massive.battery.csv,4035.89,True,2,0.286,142.57,4.196,7.5,7,537.1,,,,,,,,adb_dumpsys_battery_polling,
69,csr,massive,data/runs/20260330_190406/raw/run_69_csr_massive.perfetto-trace,data/runs/20260330_190406/raw/run_69_csr_massive.battery.csv,6734.55,True,6,0.857,210.86,4.158,7.3,7,928.6,,,,,,,,adb_dumpsys_battery_polling,
6,csr,massive,data/runs/20260330_190406/raw/run_6_csr_massive.perfetto-trace,data/runs/20260330_190406/raw/run_6_csr_massive.battery.csv,0.0,False,0,0.0,0.0,4.203,7.5,7,0.0,,,,,,,,adb_dumpsys_battery_polling,
70,ssr,dynamic,data/runs/20260330_190406/raw/run_70_ssr_dynamic.perfetto-trace,data/runs/20260330_190406/raw/run_70_ssr_dynamic.battery.csv,0.0,False,0,0.0,0.0,4.196,6.0,6,0.0,,,,,,,,adb_dumpsys_battery_polling,
71,csr,massive,data/runs/20260330_190406/raw/run_71_csr_massive.perfetto-trace,data/runs/20260330_190406/raw/run_71_csr_massive.battery.csv,0.0,False,0,0.0,0.0,4.195,7.1,7,0.0,,,,,,,,adb_dumpsys_battery_polling,
72,ssr,massive,data/runs/20260330_190406/raw/run_72_ssr_massive.perfetto-trace,data/runs/20260330_190406/raw/run_72_ssr_massive.battery.csv,0.0,False,0,0.0,0.0,4.196,6.2,6,0.0,,,,,,,,adb_dumpsys_battery_polling,
73,ssr,dynamic,data/runs/20260330_190406/raw/run_73_ssr_dynamic.perfetto-trace,data/runs/20260330_190406/raw/run_73_ssr_dynamic.battery.csv,0.0,False,0,0.0,0.0,4.195,7.2,7,0.0,,,,,,,,adb_dumpsys_battery_polling,
74,csr,massive,data/runs/20260330_190406/raw/run_74_csr_massive.perfetto-trace,data/runs/20260330_190406/raw/run_74_csr_massive.battery.csv,0.0,False,0,0.0,0.0,4.195,7.3,7,0.0,,,,,,,,adb_dumpsys_battery_polling,
75,csr,massive,data/runs/20260330_190406/raw/run_75_csr_massive.perfetto-trace,data/runs/20260330_190406/raw/run_75_csr_massive.battery.csv,0.0,False,0,0.0,0.0,4.195,7.1,7,0.0,,,,,,,,adb_dumpsys_battery_polling,
76,csr,dynamic,data/runs/20260330_190406/raw/run_76_csr_dynamic.perfetto-trace,data/runs/20260330_190406/raw/run_76_csr_dynamic.battery.csv,0.0,False,0,0.0,0.0,4.196,7.3,7,0.0,,,,,,,,adb_dumpsys_battery_polling,
77,csr,static,data/runs/20260330_190406/raw/run_77_csr_static.perfetto-trace,data/runs/20260330_190406/raw/run_77_csr_static.battery.csv,0.0,False,0,0.0,0.0,4.195,7.4,7,0.0,,,,,,,,adb_dumpsys_battery_polling,
78,csr,dynamic,data/runs/20260330_190406/raw/run_78_csr_dynamic.perfetto-trace,data/runs/20260330_190406/raw/run_78_csr_dynamic.battery.csv,0.0,False,0,0.0,0.0,4.195,7.2,7,0.0,,,,,,,,adb_dumpsys_battery_polling,
79,ssr,massive,data/runs/20260330_190406/raw/run_79_ssr_massive.perfetto-trace,data/runs/20260330_190406/raw/run_79_ssr_massive.battery.csv,0.0,False,0,0.0,0.0,4.195,5.9,6,0.0,,,,,,,,adb_dumpsys_battery_polling,
7,csr,dynamic,data/runs/20260330_190406/raw/run_7_csr_dynamic.perfetto-trace,data/runs/20260330_190406/raw/run_7_csr_dynamic.battery.csv,0.0,False,0,0.0,0.0,4.202,7.2,7,0.0,,,,,,,,adb_dumpsys_battery_polling,
80,csr,static,data/runs/20260330_190406/raw/run_80_csr_static.perfetto-trace,data/runs/20260330_190406/raw/run_80_csr_static.battery.csv,0.0,False,0,0.0,0.0,4.195,7.4,7,0.0,,,,,,,,adb_dumpsys_battery_polling,
81,ssr,dynamic,data/runs/20260330_190406/raw/run_81_ssr_dynamic.perfetto-trace,data/runs/20260330_190406/raw/run_81_ssr_dynamic.battery.csv,0.0,False,0,0.0,0.0,4.195,6.1,6,0.0,,,,,,,,adb_dumpsys_battery_polling,
82,ssr,massive,data/runs/20260330_190406/raw/run_82_ssr_massive.perfetto-trace,data/runs/20260330_190406/raw/run_82_ssr_massive.battery.csv,0.0,False,0,0.0,0.0,4.195,6.0,6,0.0,,,,,,,,adb_dumpsys_battery_polling,
83,csr,static,data/runs/20260330_190406/raw/run_83_csr_static.perfetto-trace,data/runs/20260330_190406/raw/run_83_csr_static.battery.csv,0.0,False,0,0.0,0.0,4.195,7.2,7,0.0,,,,,,,,adb_dumpsys_battery_polling,
84,ssr,static,data/runs/20260330_190406/raw/run_84_ssr_static.perfetto-trace,data/runs/20260330_190406/raw/run_84_ssr_static.battery.csv,0.0,False,0,0.0,0.0,4.195,7.5,7,0.0,,,,,,,,adb_dumpsys_battery_polling,
85,ssr,massive,data/runs/20260330_190406/raw/run_85_ssr_massive.perfetto-trace,data/runs/20260330_190406/raw/run_85_ssr_massive.battery.csv,0.0,False,0,0.0,0.0,4.195,5.9,6,0.0,,,,,,,,adb_dumpsys_battery_polling,
86,csr,static,data/runs/20260330_190406/raw/run_86_csr_static.perfetto-trace,data/runs/20260330_190406/raw/run_86_csr_static.battery.csv,0.0,False,0,0.0,0.0,4.195,7.2,7,0.0,,,,,,,,adb_dumpsys_battery_polling,
87,csr,static,data/runs/20260330_190406/raw/run_87_csr_static.perfetto-trace,data/runs/20260330_190406/raw/run_87_csr_static.battery.csv,0.0,False,0,0.0,0.0,4.194,7.6,7,0.0,,,,,,,,adb_dumpsys_battery_polling,
88,csr,static,data/runs/20260330_190406/raw/run_88_csr_static.perfetto-trace,data/runs/20260330_190406/raw/run_88_csr_static.battery.csv,0.0,False,0,0.0,0.0,4.194,7.2,7,0.0,,,,,,,,adb_dumpsys_battery_polling,
89,csr,massive,data/runs/20260330_190406/raw/run_89_csr_massive.perfetto-trace,data/runs/20260330_190406/raw/run_89_csr_massive.battery.csv,0.0,False,0,0.0,0.0,4.195,7.2,7,0.0,,,,,,,,adb_dumpsys_battery_polling,
8,ssr,massive,data/runs/20260330_190406/raw/run_8_ssr_massive.perfetto-trace,data/runs/20260330_190406/raw/run_8_ssr_massive.battery.csv,0.0,False,0,0.0,0.0,4.203,5.9,6,0.0,,,,,,,,adb_dumpsys_battery_polling,
90,csr,dynamic,data/runs/20260330_190406/raw/run_90_csr_dynamic.perfetto-trace,data/runs/20260330_190406/raw/run_90_csr_dynamic.battery.csv,0.0,False,0,0.0,0.0,4.195,7.1,7,0.0,,,,,,,,adb_dumpsys_battery_polling,
91,ssr,dynamic,data/runs/20260330_190406/raw/run_91_ssr_dynamic.perfetto-trace,data/runs/20260330_190406/raw/run_91_ssr_dynamic.battery.csv,0.0,False,0,0.0,0.0,4.195,7.0,7,0.0,,,,,,,,adb_dumpsys_battery_polling,
92,csr,dynamic,data/runs/20260330_190406/raw/run_92_csr_dynamic.perfetto-trace,data/runs/20260330_190406/raw/run_92_csr_dynamic.battery.csv,0.0,False,0,0.0,0.0,4.195,7.1,7,0.0,,,,,,,,adb_dumpsys_battery_polling,
93,csr,dynamic,data/runs/20260330_190406/raw/run_93_csr_dynamic.perfetto-trace,data/runs/20260330_190406/raw/run_93_csr_dynamic.battery.csv,0.0,False,0,0.0,0.0,4.194,7.5,7,0.0,,,,,,,,adb_dumpsys_battery_polling,
94,csr,massive,data/runs/20260330_190406/raw/run_94_csr_massive.perfetto-trace,data/runs/20260330_190406/raw/run_94_csr_massive.battery.csv,0.0,False,0,0.0,0.0,4.194,7.4,7,0.0,,,,,,,,adb_dumpsys_battery_polling,
95,ssr,static,data/runs/20260330_190406/raw/run_95_ssr_static.perfetto-trace,data/runs/20260330_190406/raw/run_95_ssr_static.battery.csv,0.0,False,0,0.0,0.0,4.194,6.0,6,0.0,,,,,,,,adb_dumpsys_battery_polling,
96,ssr,dynamic,data/runs/20260330_190406/raw/run_96_ssr_dynamic.perfetto-trace,data/runs/20260330_190406/raw/run_96_ssr_dynamic.battery.csv,0.0,False,0,0.0,0.0,4.194,6.1,6,0.0,,,,,,,,adb_dumpsys_battery_polling,
97,ssr,dynamic,data/runs/20260330_190406/raw/run_97_ssr_dynamic.perfetto-trace,data/runs/20260330_190406/raw/run_97_ssr_dynamic.battery.csv,0.0,False,0,0.0,0.0,4.193,6.0,6,0.0,,,,,,,,adb_dumpsys_battery_polling,
98,ssr,static,data/runs/20260330_190406/raw/run_98_ssr_static.perfetto-trace,data/runs/20260330_190406/raw/run_98_ssr_static.battery.csv,3152.07,True,4,0.571,105.14,4.191,7.0,7,449.5,,,,,,,,adb_dumpsys_battery_polling,
99,csr,massive,data/runs/20260330_190406/raw/run_99_csr_massive.perfetto-trace,data/runs/20260330_190406/raw/run_99_csr_massive.battery.csv,0.0,False,0,0.0,0.0,4.194,7.1,7,0.0,,,,,,,,adb_dumpsys_battery_polling,
9,ssr,massive,data/runs/20260330_190406/raw/run_9_ssr_massive.perfetto-trace,data/runs/20260330_190406/raw/run_9_ssr_massive.battery.csv,0.0,False,0,0.0,0.0,4.202,7.1,6,0.0,,,,,,,,adb_dumpsys_battery_polling,
